Comments,URL,label,score
🥰 es buenazo,https://www.tiktok.com/@immetzy0/video/7380897310882024709,4 stars,0.3901933431625366
lo compro!!!!!🙂,https://www.tiktok.com/@immetzy0/video/7380897310882024709,5 stars,0.5554394721984863
❤️,https://www.tiktok.com/@immetzy0/video/7380897310882024709,5 stars,0.30857783555984497
Me encanta,https://www.tiktok.com/@valentinalatinoo/video/7383153010622418208,5 stars,0.7738614082336426
te copio la rutina!,https://www.tiktok.com/@valentinalatinoo/video/7383153010622418208,5 stars,0.37754708528518677
amo amo amo,https://www.tiktok.com/@valentinalatinoo/video/7383153010622418208,5 stars,0.4722024202346802
yo tambien lo estaba usando! buenisimo!,https://www.tiktok.com/@valentinalatinoo/video/7383153010622418208,5 stars,0.8473618626594543
Amo amo 🥰,https://www.tiktok.com/@valentinalatinoo/video/7383153010622418208,5 stars,0.4415992200374603
Y ayuda para la picazon? 🥰,https://www.tiktok.com/@valentinalatinoo/video/7382043404902944032,3 stars,0.294852614402771
amooo! lo necesito asap,https://www.tiktok.com/@valentinalatinoo/video/7382043404902944032,5 stars,0.29951485991477966
me encanta!! 💙,https://www.tiktok.com/@valentinalatinoo/video/7382043404902944032,5 stars,0.8495047688484192
excelente producto 💙✨,https://www.tiktok.com/@kiabetrios/video/7380915226155404549,5 stars,0.8029374480247498
X💯 muy buen producto 💪,https://www.tiktok.com/@kiabetrios/video/7380915226155404549,5 stars,0.7437785267829895
buenisimo ❤️,https://www.tiktok.com/@kiabetrios/video/7380915226155404549,5 stars,0.7372893691062927
excelente super frescura más docil,https://www.tiktok.com/@kiabetrios/video/7380915226155404549,5 stars,0.8225243091583252
🥰 fr3sh fresh freshhh loveit,https://www.tiktok.com/@kiabetrios/video/7380915226155404549,5 stars,0.7046568989753723
Si funciona 🥰,https://www.tiktok.com/@kiabetrios/video/7380915226155404549,3 stars,0.30307555198669434
Recomendado al 100% 🔝🧴✨,https://www.tiktok.com/@kiabetrios/video/7380915226155404549,5 stars,0.9312100410461426
X2 me va super bien👍,https://www.tiktok.com/@kiabetrios/video/7380915226155404549,5 stars,0.724682092666626
amo la sensación extra refrescante 🤩,https://www.tiktok.com/@kiabetrios/video/7380915226155404549,5 stars,0.5992380976676941
"me encantó el shampoo, lo compré por tu video🥹",https://www.tiktok.com/@aasibille/video/7379030152740621573,5 stars,0.8401187658309937
Me encantaa,https://www.tiktok.com/@aasibille/video/7379030152740621573,5 stars,0.7508520483970642
Si usas jhonson oe,https://www.tiktok.com/@aasibille/video/7379030152740621573,3 stars,0.2537298798561096
Muy buena recomendación! amé 😍,https://www.tiktok.com/@aasibille/video/7379030152740621573,5 stars,0.7739731073379517
yo lo uso 10/10!!,https://www.tiktok.com/@aasibille/video/7379030152740621573,5 stars,0.7747063636779785
datazooo💋,https://www.tiktok.com/@aasibille/video/7379030152740621573,5 stars,0.30857783555984497
Amamos,https://www.tiktok.com/@aasibille/video/7379030152740621573,5 stars,0.6084775924682617
❤️❤️,https://www.tiktok.com/@nathssalcedo/video/7381323386632391942,5 stars,0.30857783555984497
Aquí no llegaaaaaaa🥲🥲🥲🥲,https://www.tiktok.com/@kathysheen/video/7385714648194206981,1 star,0.5744524002075195
"Kattycita dónde lo compraste, aquí no venden🥺",https://www.tiktok.com/@kathysheen/video/7385714648194206981,1 star,0.6581934690475464
Hola tú te has hecho láser co2 cuánto te costo,https://www.tiktok.com/@kathysheen/video/7385714648194206981,5 stars,0.2506294250488281
bella kattycita 😁😁,https://www.tiktok.com/@kathysheen/video/7385714648194206981,5 stars,0.3958261013031006
😻😻😻,https://www.tiktok.com/@kathysheen/video/7385714648194206981,5 stars,0.30857783555984497
😁,https://www.tiktok.com/@kathysheen/video/7385714648194206981,5 stars,0.30857783555984497
Que desgracia...eres. Hablaste de Liz Padilla. Como eres una fracasad.. envidiosa,https://www.tiktok.com/@kathysheen/video/7385714648194206981,1 star,0.7273596525192261
te adoró mi amorcito 🥰🥰🥰🥰,https://www.tiktok.com/@kathysheen/video/7385714648194206981,5 stars,0.723268449306488
🤩,https://www.tiktok.com/@kathysheen/video/7378623554708884741,5 stars,0.30857783555984497
siempre bella .q Dios te bendiga siempre y ojalá consigas un buen trabajo en caso no lo tengas.,https://www.tiktok.com/@kathysheen/video/7378623554708884741,5 stars,0.6916321516036987
donde estas trabajando,https://www.tiktok.com/@kathysheen/video/7378623554708884741,5 stars,0.46458232402801514
😍😍😍,https://www.tiktok.com/@kathysheen/video/7378623554708884741,5 stars,0.30857783555984497
♥️♥️♥️😍,https://www.tiktok.com/@kathysheen/video/7378623554708884741,5 stars,0.30857783555984497
Que paso a donde tw fuisteis 🥰🥰🥰🥰,https://www.tiktok.com/@kathysheen/video/7378623554708884741,1 star,0.45071953535079956
"hola pq
a los tiempos",https://www.tiktok.com/@kathysheen/video/7378623554708884741,5 stars,0.362254798412323
🥰🥰🥰,https://www.tiktok.com/@kathysheen/video/7378623554708884741,5 stars,0.30857783555984497
🥰🥰🥰,https://www.tiktok.com/@kathysheen/video/7378623554708884741,5 stars,0.30857783555984497
🤭🤭🤭,https://www.tiktok.com/@gherdanceroficial/video/7377579431491161350,5 stars,0.30857783555984497
Que buenaaaaaaa,https://www.tiktok.com/@gherdanceroficial/video/7377579431491161350,5 stars,0.3773241937160492
🫶✨Gracias doc,https://www.tiktok.com/@ismarocha0/video/7385416336014331142,5 stars,0.33551523089408875
Excelente!!!👌,https://www.tiktok.com/@ismarocha0/video/7385416336014331142,5 stars,0.8615710139274597
"Me. Comi un anuncio publicitario, pero me gusto😌",https://www.tiktok.com/@morfinaenlavena/video/7382951638257978630,1 star,0.3460184931755066
@Diana 🎧📷🌱,https://www.tiktok.com/@leiton250898/video/7386483330973322501,5 stars,0.42935842275619507
buena 🤗,https://www.tiktok.com/@leiton250898/video/7386483330973322501,4 stars,0.44167622923851013
@Head & Shoulders LA @For_Me,https://www.tiktok.com/@leiton250898/video/7386483330973322501,5 stars,0.35644394159317017
definitivamente H&S es la mejor opción 😌,https://www.tiktok.com/@leiton250898/video/7386483330973322501,5 stars,0.7999209761619568
"Intereaante, mas informacion sobre el producto porfavor🙂",https://www.tiktok.com/@leiton250898/video/7386483330973322501,3 stars,0.3192157745361328
Fresh....... con h&s😏,https://www.tiktok.com/@leiton250898/video/7386483330973322501,5 stars,0.41547998785972595
"lo mejor que le pude hechar a mi cabello, para que se mantenga bonito......",https://www.tiktok.com/@leiton250898/video/7386483330973322501,5 stars,0.7927510142326355
"H&S es un buen producto, me encanta que me deje el cabello lindo y fresco. Es mas olorso🥰",https://www.tiktok.com/@leiton250898/video/7386483330973322501,5 stars,0.4858168363571167
tengo q probarlo ya mismo😊,https://www.tiktok.com/@leiton250898/video/7386483330973322501,5 stars,0.2569466531276703
@est head & shoulders tu mejor opcion para ese cabello caprichoso que tienes😉,https://www.tiktok.com/@leiton250898/video/7386483330973322501,5 stars,0.6597313284873962
🤔🫣,https://www.tiktok.com/@leiton250898/video/7386483330973322501,5 stars,0.30857783555984497
😁,https://www.tiktok.com/@melina.17argiro/video/7380836888871013638,5 stars,0.30857783555984497
👍👍,https://www.tiktok.com/@melina.17argiro/video/7380836888871013638,5 stars,0.30857783555984497
🔥,https://www.tiktok.com/@melina.17argiro/video/7380836888871013638,5 stars,0.30857783555984497
Este shampoo me ha ayudado mucho también 🥰,https://www.tiktok.com/@jesusflorescaro17/video/7384652777084980485,5 stars,0.658574640750885
muy buen producto y adiós caspa,https://www.tiktok.com/@jesusflorescaro17/video/7384652777084980485,5 stars,0.7362300157546997
Muy buen Shampoo🤗💕,https://www.tiktok.com/@jesusflorescaro17/video/7384652777084980485,5 stars,0.775344729423523
Me gusta el aroma a menta 😌,https://www.tiktok.com/@jesusflorescaro17/video/7384652777084980485,4 stars,0.5028375387191772
Este shampoo es el mejor!!! Me encantaron lo resultados 💙✨,https://www.tiktok.com/@jesusflorescaro17/video/7384652777084980485,5 stars,0.9325114488601685
💯💯,https://www.tiktok.com/@jesusflorescaro17/video/7384652777084980485,5 stars,0.30857783555984497
hola guapo 😘🫶🏻,https://www.tiktok.com/@kevinnn_jb/video/7380478704041905414,1 star,0.3087661564350128
Otra vez primeroooo,https://www.tiktok.com/@kevinnn_jb/video/7380478704041905414,1 star,0.2825705409049988
Yo también lo probé y lo estoy amando 🥰,https://www.tiktok.com/@kevinnn_jb/video/7380478704041905414,5 stars,0.4850105047225952
100% recomendado la verdad 🥰,https://www.tiktok.com/@kiabetrios/video/7379738080422464774,5 stars,0.9034773111343384
súper topppp!!💙,https://www.tiktok.com/@kiabetrios/video/7379738080422464774,5 stars,0.9147234559059143
lo voy a probar,https://www.tiktok.com/@kiabetrios/video/7379738080422464774,4 stars,0.3651033043861389
Ahhh lo tengo que probar 🥹✨️,https://www.tiktok.com/@kiabetrios/video/7379738080422464774,3 stars,0.42805781960487366
buen dato amiga mañana mismo me compro,https://www.tiktok.com/@kiabetrios/video/7379738080422464774,4 stars,0.4498192071914673
A decirle adiós a la caspa!! 💯💯,https://www.tiktok.com/@kiabetrios/video/7379738080422464774,5 stars,0.5612130165100098
voy a probarlo ❤️,https://www.tiktok.com/@kiabetrios/video/7379738080422464774,5 stars,0.3751652240753174
🥰,https://www.tiktok.com/@kiabetrios/video/7379738080422464774,5 stars,0.30857783555984497
👍👍👍👍,https://www.tiktok.com/@kiabetrios/video/7379738080422464774,5 stars,0.30857783555984497
yo también lo estoy usando. es genial 🥰,https://www.tiktok.com/@kiabetrios/video/7379738080422464774,5 stars,0.8433353900909424
"ahh no lo tengo q probar , buen datooo",https://www.tiktok.com/@kiabetrios/video/7379738080422464774,5 stars,0.3686467409133911
"Bella, lo he probado y me ha encantado 🥰",https://www.tiktok.com/@kiabetrios/video/7379397172225117445,5 stars,0.8175824284553528
💙divinooooo✨,https://www.tiktok.com/@kiabetrios/video/7379397172225117445,5 stars,0.30857783555984497
Super top ✨,https://www.tiktok.com/@kiabetrios/video/7379397172225117445,5 stars,0.8937169909477234
Quiero probarlo 😲,https://www.tiktok.com/@kiabetrios/video/7379397172225117445,4 stars,0.28385090827941895
✨✨✨amoo,https://www.tiktok.com/@kiabetrios/video/7379397172225117445,5 stars,0.30857783555984497
Efectivo desde el primer uso,https://www.tiktok.com/@kiabetrios/video/7379397172225117445,5 stars,0.5432183742523193
Lo probé y quede súper fresco 👌👌,https://www.tiktok.com/@kiabetrios/video/7379397172225117445,5 stars,0.415015310049057
buen producto,https://www.tiktok.com/@kiabetrios/video/7379397172225117445,4 stars,0.45008042454719543
Cuéntanos cómo te va 🥰,https://www.tiktok.com/@kiabetrios/video/7379397172225117445,5 stars,0.5203574299812317
Que éxito ese shampoo,https://www.tiktok.com/@kiabetrios/video/7379397172225117445,5 stars,0.5030854940414429
nos cuentas tu experiencia ❤️,https://www.tiktok.com/@kiabetrios/video/7379397172225117445,5 stars,0.5301753878593445
Lo máximo!!! ✨,https://www.tiktok.com/@kiabetrios/video/7379397172225117445,5 stars,0.8546562194824219
Interesante eso de la tecnología inteligente.,https://www.tiktok.com/@kiabetrios/video/7379397172225117445,4 stars,0.42706072330474854
queremos saber tu experiencia ✨,https://www.tiktok.com/@kiabetrios/video/7379397172225117445,5 stars,0.46022820472717285
🥰🥰,https://www.tiktok.com/@kiabetrios/video/7379397172225117445,5 stars,0.30857783555984497
♥️,https://www.tiktok.com/@kiabetrios/video/7379397172225117445,5 stars,0.3810153305530548
lo venden en las boticas,https://www.tiktok.com/@kiabetrios/video/7379397172225117445,1 star,0.22531625628471375
"Me encanta, lo probaré🤩",https://www.tiktok.com/@kiabetrios/video/7379397172225117445,5 stars,0.7659672498703003
🥰🥰🥰,https://www.tiktok.com/@kiabetrios/video/7379397172225117445,5 stars,0.30857783555984497
me encanta 🥰🥰,https://www.tiktok.com/@kiabetrios/video/7379397172225117445,5 stars,0.8068308234214783
Holaa!! Me llego mi producto pero no el correo de seleccionado en la campaña de pantene:((,https://www.tiktok.com/@formetips/video/7361864579061665030,1 star,0.5851461291313171
"Tengo 1k en Instagram y 600 es Instagram , se podrá????😭",https://www.tiktok.com/@formetips/video/7361864579061665030,1 star,0.47175735235214233
Holi yo quiero xdd 😏 tengo fe de que si me escogen lo haría viral 😁,https://www.tiktok.com/@formetips/video/7361864579061665030,1 star,0.474107563495636
Alguien tiene la campaña de head & shoulder anti comezón?,https://www.tiktok.com/@formetips/video/7361864579061665030,1 star,0.4131005108356476
Hola qué tal me ayudas,https://www.tiktok.com/@formetips/video/7361864579061665030,5 stars,0.5183665156364441
yo ya me inscribí,https://www.tiktok.com/@formetips/video/7361864579061665030,1 star,0.3488016426563263
Ami ya ni me aceptaron :(,https://www.tiktok.com/@formetips/video/7361864579061665030,1 star,0.48721083998680115
Hola información,https://www.tiktok.com/@formetips/video/7361864579061665030,3 stars,0.2639968693256378
Yo soy peloncito,https://www.tiktok.com/@formetips/video/7361864579061665030,1 star,0.3109571933746338
Hola tengo más de mil seguidores,https://www.tiktok.com/@formetips/video/7361864579061665030,1 star,0.2768319547176361
hola me registré,https://www.tiktok.com/@formetips/video/7361864579061665030,3 stars,0.26636695861816406
"Hola, tienes el link a donde subir el contenido de campaña ya realizado? Es que no me carga🥺",https://www.tiktok.com/@formetips/video/7361864579061665030,1 star,0.3719460368156433
Me encanta 🥰,https://www.tiktok.com/@formetips/video/7361864579061665030,5 stars,0.8068308234214783
primero quiero que me crezca cabello o que deje de caerse😳,https://www.tiktok.com/@formetips/video/7361864579061665030,2 stars,0.31066063046455383
nada nunca llaman ni responden,https://www.tiktok.com/@formetips/video/7361864579061665030,1 star,0.8980169296264648
"ya me escribí, que más tengo que hacer, ayúdenmeeee 🙏🏻",https://www.tiktok.com/@formetips/video/7361864579061665030,5 stars,0.6199454069137573
🥰me sirve,https://www.tiktok.com/@formetips/video/7361864579061665030,5 stars,0.38736066222190857
Yoo🥰 tengo el cabello largo y negro🥺,https://www.tiktok.com/@formetips/video/7361864579061665030,3 stars,0.2898574769496918
Soy yo 🫶🏼,https://www.tiktok.com/@formetips/video/7361864579061665030,5 stars,0.5531566739082336
😂😂me huele a falso,https://www.tiktok.com/@formetips/video/7361864579061665030,1 star,0.8393681049346924
Como hago? Ya me registre,https://www.tiktok.com/@formetips/video/7361864579061665030,1 star,0.28164908289909363
💗 Precioso,https://www.tiktok.com/@enjiyan/video/7381880318447373574,5 stars,0.7942326068878174
corriendo a comprar💓,https://www.tiktok.com/@enjiyan/video/7380195352994991365,5 stars,0.33870598673820496
que bello tu cabello 🥰,https://www.tiktok.com/@enjiyan/video/7380195352994991365,5 stars,0.5378955602645874
😍😍😍😍😍😍😍😍😍😍 Lo quiero,https://www.tiktok.com/@enjiyan/video/7380195352994991365,5 stars,0.6039013862609863
"por esa propaganda deberían enviarte muchos shampoos
@headandshoulders",https://www.tiktok.com/@enjiyan/video/7380195352994991365,1 star,0.6081745624542236
mmm te dejó bonito el cabello bb,https://www.tiktok.com/@alysaurus_rex/video/7383506241894567173,3 stars,0.33448347449302673
q preciosa,https://www.tiktok.com/@alysaurus_rex/video/7383506241894567173,5 stars,0.6574404239654541
Por ti uso todo bebé ❤️,https://www.tiktok.com/@alysaurus_rex/video/7383506241894567173,5 stars,0.5714634656906128
Ocupo ese shampoooooo😍,https://www.tiktok.com/@alysaurus_rex/video/7383506241894567173,5 stars,0.48937803506851196
yo lo estoy usando y me va super,https://www.tiktok.com/@valleryfitt/video/7378303112076987653,5 stars,0.7342067360877991
dónde lo puedo conseguir,https://www.tiktok.com/@valleryfitt/video/7378303112076987653,5 stars,0.45365044474601746
Es muy bueno ☺️,https://www.tiktok.com/@valleryfitt/video/7378303112076987653,5 stars,0.6562719345092773
Gracias por el concejo..Me animo a probarlo👍.,https://www.tiktok.com/@andreasofia.sh/video/7382649818247662854,5 stars,0.48290809988975525
👍👍👍🥰,https://www.tiktok.com/@andreasofia.sh/video/7382649818247662854,5 stars,0.30857783555984497
Bonito cabello,https://www.tiktok.com/@ale.sandovalxo/video/7379413532443430150,4 stars,0.43255987763404846
me encanta amiga lo usaré 😍,https://www.tiktok.com/@ale.sandovalxo/video/7379413532443430150,5 stars,0.8218523859977722
Mi Influencer😻😻,https://www.tiktok.com/@ale.sandovalxo/video/7379413532443430150,5 stars,0.28642094135284424
no nos duchamos todos los días 🤣🤣🤣🤣🤣,https://www.tiktok.com/@seonova_/video/7385622054336269574,1 star,0.5155121684074402
"Súper , justo también lo estoy probando ✨",https://www.tiktok.com/@seonova_/video/7385622054336269574,5 stars,0.7963088154792786
Me encanta 🩵,https://www.tiktok.com/@seonova_/video/7385622054336269574,5 stars,0.8068308234214783
Ame 😊,https://www.tiktok.com/@seonova_/video/7385622054336269574,5 stars,0.37991368770599365
el mejor shampoo para la caspa !!!! 💙💙,https://www.tiktok.com/@seonova_/video/7385622054336269574,5 stars,0.9271544814109802
es excelente este shampoo!! buen video 😘,https://www.tiktok.com/@seonova_/video/7385622054336269574,5 stars,0.8013333678245544
Amoo,https://www.tiktok.com/@seonova_/video/7385622054336269574,3 stars,0.25741857290267944
😘😘✨eso bebé ya saben head y Shoulder 😘 😍,https://www.tiktok.com/@seonova_/video/7385622054336269574,5 stars,0.3993498384952545
jajaja con hedan shoulder todos somos misses😂😂😂,https://www.tiktok.com/@seonova_/video/7385622054336269574,5 stars,0.6079913973808289
Y la que facture con shampoo🧴👄🧴,https://www.tiktok.com/@seonova_/video/7385622054336269574,5 stars,0.6035317778587341
🤣 mencion pegada,https://www.tiktok.com/@seonova_/video/7385622054336269574,1 star,0.4129461944103241
🥰😘🤗💞,https://www.tiktok.com/@seonova_/video/7385622054336269574,5 stars,0.30857783555984497
👏👏👏,https://www.tiktok.com/@seonova_/video/7385622054336269574,5 stars,0.30857783555984497
💙,https://www.tiktok.com/@seonova_/video/7385622054336269574,5 stars,0.30857783555984497
😘😘😘💕💕😻,https://www.tiktok.com/@cecilia_zaracaba/video/7383479028784614661,5 stars,0.30857783555984497
Aaaa amamossss🫶🏻🫶🏻❤️,https://www.tiktok.com/@diegocruchagaponcedeleon/video/7379474834964761862,5 stars,0.2528897225856781
Buenisimo 👌🏻 me ha encantado y mi cabello lo agradece #AntiComezonForMe,https://www.tiktok.com/@diegocruchagaponcedeleon/video/7379474834964761862,5 stars,0.8454865217208862
Adiós a la caspa,https://www.tiktok.com/@diegocruchagaponcedeleon/video/7379474834964761862,5 stars,0.4351528286933899
me comí una promoción sin darme cuenta,https://www.tiktok.com/@augustolambruschini/video/7380930615463480582,1 star,0.3844927251338959
voy a probar amigo 👍,https://www.tiktok.com/@augustolambruschini/video/7380930615463480582,5 stars,0.4572002589702606
que buena promoción 😃😃,https://www.tiktok.com/@augustolambruschini/video/7380930615463480582,5 stars,0.47675633430480957
"me encanta ,mañana mismo compro gracias x el datoooo❤️❤️❤️",https://www.tiktok.com/@augustolambruschini/video/7380930615463480582,5 stars,0.8428735733032227
😂😂😂😂😂,https://www.tiktok.com/@augustolambruschini/video/7380930615463480582,5 stars,0.30857783555984497
"buen dato ☺️,voy a probar",https://www.tiktok.com/@augustolambruschini/video/7380930615463480582,4 stars,0.4662201702594757
❤️❤️❤️❤️,https://www.tiktok.com/@augustolambruschini/video/7380930615463480582,5 stars,0.30857783555984497
😂😂😂😂😂,https://www.tiktok.com/@augustolambruschini/video/7380930615463480582,5 stars,0.30857783555984497
Te estás quedando pelón 😳,https://www.tiktok.com/@augustolambruschini/video/7380930615463480582,1 star,0.35514986515045166
Me encantaaaaaaaa,https://www.tiktok.com/@augustolambruschini/video/7380930615463480582,5 stars,0.6939354538917542
🤩🤩🤩,https://www.tiktok.com/@augustolambruschini/video/7380930615463480582,5 stars,0.30857783555984497
buen dato,https://www.tiktok.com/@augustolambruschini/video/7380930615463480582,4 stars,0.45408743619918823
Me encanta 🔥🔥,https://www.tiktok.com/@augustolambruschini/video/7380930615463480582,5 stars,0.8068308234214783
🤐,https://www.tiktok.com/@ceciciudad26/video/7384822189222087942,5 stars,0.30857783555984497
El inicio🤣,https://www.tiktok.com/@payojauregui/video/7381265847836364037,5 stars,0.27888691425323486
Me encanta 😊 es lo máximo,https://www.tiktok.com/@beatriz_ugc/video/7385752657253797125,5 stars,0.8676084876060486
Es muy bueno❤️,https://www.tiktok.com/@beatriz_ugc/video/7385752657253797125,5 stars,0.4942249655723572
Me encantoooooooooo!!!,https://www.tiktok.com/@beatriz_ugc/video/7382282814059859206,5 stars,0.7673771381378174
💙 #teamHS✨,https://www.tiktok.com/@beatriz_ugc/video/7382282814059859206,5 stars,0.3611423373222351
💯💯 que buen pro tip,https://www.tiktok.com/@beatriz_ugc/video/7382282814059859206,5 stars,0.5073232650756836
excelente lo probaré,https://www.tiktok.com/@beatriz_ugc/video/7382282814059859206,5 stars,0.6748496294021606
buenísimo ❤️,https://www.tiktok.com/@beatriz_ugc/video/7382282814059859206,5 stars,0.7372893691062927
Buen consejo a probarlo👌,https://www.tiktok.com/@beatriz_ugc/video/7382282814059859206,5 stars,0.4734785556793213
"Ya lo probé y me funciona súper bien, me encanta.",https://www.tiktok.com/@beatriz_ugc/video/7382282814059859206,5 stars,0.789350688457489
He quedado gratamente sorprendida con la frescura que deja en mi cuerpo cabelludo 🍃,https://www.tiktok.com/@dianabecerradelga/video/7380798226439458054,5 stars,0.6467276215553284
Linda como siempre hna Diana. Cariños a tus bebés,https://www.tiktok.com/@dianabecerradelga/video/7380798226439458054,5 stars,0.6658700108528137
ese shampooo esta 🔥🔥🔥🔥,https://www.tiktok.com/@dianabecerradelga/video/7380798226439458054,5 stars,0.4257250726222992
Amando,https://www.tiktok.com/@dianabecerradelga/video/7380798226439458054,5 stars,0.49492064118385315
Buenazo 😻✨,https://www.tiktok.com/@dianabecerradelga/video/7380798226439458054,5 stars,0.3891718089580536
💙 Lo máximo,https://www.tiktok.com/@dianabecerradelga/video/7380798226439458054,5 stars,0.7295530438423157
Ese shampoo es lo máximo,https://www.tiktok.com/@dianabecerradelga/video/7380798226439458054,5 stars,0.6560038924217224
Buena opción para esta temporada del año 🤩,https://www.tiktok.com/@dianabecerradelga/video/7380798226439458054,4 stars,0.492389053106308
@For_me Tips @Head & Shoulders LA @For_Me Perú @Fabricio Govea,https://www.tiktok.com/@tefacabello/video/7388300806841240837,5 stars,0.32419291138648987
Epaleeeee,https://www.tiktok.com/@leidymeds/video/7381325031206423813,1 star,0.3270907402038574
Me encanta 💕,https://www.tiktok.com/@leidymeds/video/7381325031206423813,5 stars,0.8068308234214783
"Me encanta, lo probaré🤩",https://www.tiktok.com/@leidymeds/video/7381325031206423813,5 stars,0.7659672498703003
🥰🥰,https://www.tiktok.com/@leidymeds/video/7381325031206423813,5 stars,0.30857783555984497
"Buenazo, a mi me ayudo mucho 🥰",https://www.tiktok.com/@dubrafit/video/7378685359472921861,5 stars,0.5709202885627747
me encanta🔝🔝,https://www.tiktok.com/@dubrafit/video/7378685359472921861,3 stars,0.24249929189682007
holi,https://www.tiktok.com/@soyjair1/video/7379682360498949382,3 stars,0.2595575451850891
Qué lindo quedó tu cabello🤩,https://www.tiktok.com/@mamifit.dentist/video/7380571064226696453,5 stars,0.4308243691921234
😳,https://www.tiktok.com/@mamifit.dentist/video/7380571064226696453,5 stars,0.30857783555984497
Totalmente de acuerdo!😍🤎,https://www.tiktok.com/@lidiajaraugc/video/7385339799160360198,5 stars,0.6894991993904114
Ameé los tips👏🏻 Voy a probar ese Shampoo,https://www.tiktok.com/@lidiajaraugc/video/7385339799160360198,5 stars,0.3573560118675232
La menta es top!,https://www.tiktok.com/@lidiajaraugc/video/7385339799160360198,5 stars,0.707045316696167
❤️,https://www.tiktok.com/@lidiajaraugc/video/7385339799160360198,5 stars,0.30857783555984497
Me encanta!! 🤗,https://www.tiktok.com/@lidiajaraugc/video/7380505098729966853,5 stars,0.8495047688484192
🥰🥰🥰,https://www.tiktok.com/@lidiajaraugc/video/7380505098729966853,5 stars,0.30857783555984497
@headandshoulders @For_Me Perú,https://www.tiktok.com/@lidiajaraugc/video/7380505098729966853,5 stars,0.27795135974884033
Me encanta 😊 es lo máximo,https://www.tiktok.com/@beatriz_ugc/video/7385752657253797125,5 stars,0.8676084876060486
Es muy bueno❤️,https://www.tiktok.com/@beatriz_ugc/video/7385752657253797125,5 stars,0.4942249655723572
Me encantoooooooooo!!!,https://www.tiktok.com/@beatriz_ugc/video/7382282814059859206,5 stars,0.7673771381378174
💙 #teamHS✨,https://www.tiktok.com/@beatriz_ugc/video/7382282814059859206,5 stars,0.3611423373222351
💯💯 que buen pro tip,https://www.tiktok.com/@beatriz_ugc/video/7382282814059859206,5 stars,0.5073232650756836
excelente lo probaré,https://www.tiktok.com/@beatriz_ugc/video/7382282814059859206,5 stars,0.6748496294021606
buenísimo ❤️,https://www.tiktok.com/@beatriz_ugc/video/7382282814059859206,5 stars,0.7372893691062927
Buen consejo a probarlo👌,https://www.tiktok.com/@beatriz_ugc/video/7382282814059859206,5 stars,0.4734785556793213
"Ya lo probé y me funciona súper bien, me encanta.",https://www.tiktok.com/@beatriz_ugc/video/7382282814059859206,5 stars,0.789350688457489
He quedado gratamente sorprendida con la frescura que deja en mi cuerpo cabelludo 🍃,https://www.tiktok.com/@dianabecerradelga/video/7380798226439458054,5 stars,0.6467276215553284
Linda como siempre hna Diana. Cariños a tus bebés,https://www.tiktok.com/@dianabecerradelga/video/7380798226439458054,5 stars,0.6658700108528137
ese shampooo esta 🔥🔥🔥🔥,https://www.tiktok.com/@dianabecerradelga/video/7380798226439458054,5 stars,0.4257250726222992
Amando,https://www.tiktok.com/@dianabecerradelga/video/7380798226439458054,5 stars,0.49492064118385315
Buenazo 😻✨,https://www.tiktok.com/@dianabecerradelga/video/7380798226439458054,5 stars,0.3891718089580536
💙 Lo máximo,https://www.tiktok.com/@dianabecerradelga/video/7380798226439458054,5 stars,0.7295530438423157
Ese shampoo es lo máximo,https://www.tiktok.com/@dianabecerradelga/video/7380798226439458054,5 stars,0.6560038924217224
Buena opción para esta temporada del año 🤩,https://www.tiktok.com/@dianabecerradelga/video/7380798226439458054,4 stars,0.492389053106308
@For_me Tips @Head & Shoulders LA @For_Me Perú @Fabricio Govea,https://www.tiktok.com/@tefacabello/video/7388300806841240837,5 stars,0.32419291138648987
Epaleeeee,https://www.tiktok.com/@leidymeds/video/7381325031206423813,1 star,0.3270907402038574
Me encanta 💕,https://www.tiktok.com/@leidymeds/video/7381325031206423813,5 stars,0.8068308234214783
"Me encanta, lo probaré🤩",https://www.tiktok.com/@leidymeds/video/7381325031206423813,5 stars,0.7659672498703003
🥰🥰,https://www.tiktok.com/@leidymeds/video/7381325031206423813,5 stars,0.30857783555984497
"Buenazo, a mi me ayudo mucho 🥰",https://www.tiktok.com/@dubrafit/video/7378685359472921861,5 stars,0.5709202885627747
me encanta🔝🔝,https://www.tiktok.com/@dubrafit/video/7378685359472921861,3 stars,0.24249929189682007
holi,https://www.tiktok.com/@soyjair1/video/7379682360498949382,3 stars,0.2595575451850891
Qué lindo quedó tu cabello🤩,https://www.tiktok.com/@mamifit.dentist/video/7380571064226696453,5 stars,0.4308243691921234
😳,https://www.tiktok.com/@mamifit.dentist/video/7380571064226696453,5 stars,0.30857783555984497
Totalmente de acuerdo!😍🤎,https://www.tiktok.com/@lidiajaraugc/video/7385339799160360198,5 stars,0.6894991993904114
Ameé los tips👏🏻 Voy a probar ese Shampoo,https://www.tiktok.com/@lidiajaraugc/video/7385339799160360198,5 stars,0.3573560118675232
La menta es top!,https://www.tiktok.com/@lidiajaraugc/video/7385339799160360198,5 stars,0.707045316696167
❤️,https://www.tiktok.com/@lidiajaraugc/video/7385339799160360198,5 stars,0.30857783555984497
Me encanta!! 🤗,https://www.tiktok.com/@lidiajaraugc/video/7380505098729966853,5 stars,0.8495047688484192
🥰🥰🥰,https://www.tiktok.com/@lidiajaraugc/video/7380505098729966853,5 stars,0.30857783555984497
@headandshoulders @For_Me Perú,https://www.tiktok.com/@lidiajaraugc/video/7380505098729966853,5 stars,0.27795135974884033
recomendado 💯,https://www.tiktok.com/@xiomigamboa20/video/7381156437470301445,5 stars,0.5841706395149231
me encanta❤️,https://www.tiktok.com/@xiomigamboa20/video/7381156437470301445,3 stars,0.24249929189682007
Me encanta 😍✨,https://www.tiktok.com/@xiomigamboa20/video/7381156437470301445,5 stars,0.8068308234214783
se ve increíble 😍,https://www.tiktok.com/@xiomigamboa20/video/7381156437470301445,5 stars,0.6706591844558716
🥰🥰 amooo,https://www.tiktok.com/@xiomigamboa20/video/7381156437470301445,5 stars,0.2832600772380829
"Lo Máximo xiomi, yo tb lo probé y he quedado encantada 🥰",https://www.tiktok.com/@xiomigamboa20/video/7381156437470301445,5 stars,0.86107337474823
hay que probar quiero sentir esa frescura,https://www.tiktok.com/@xiomigamboa20/video/7381156437470301445,5 stars,0.3346794545650482
Lo tengo que comprar si o si!! 😍,https://www.tiktok.com/@xiomigamboa20/video/7381156437470301445,5 stars,0.3005558252334595
"A mi me encantó, muy bueno",https://www.tiktok.com/@xiomigamboa20/video/7381156437470301445,5 stars,0.8034723401069641
"Wow, que tal cambio 🤩🤩",https://www.tiktok.com/@xiomigamboa20/video/7381156437470301445,5 stars,0.7794436812400818
ohhhhh quiero yo también,https://www.tiktok.com/@xiomigamboa20/video/7381156437470301445,5 stars,0.2728172838687897
super dato,https://www.tiktok.com/@xiomigamboa20/video/7381156437470301445,5 stars,0.7575250267982483
Me encanto !! 💕,https://www.tiktok.com/@xiomigamboa20/video/7381156437470301445,5 stars,0.8700496554374695
Amooo 💗,https://www.tiktok.com/@mia.ramirezmonteolivo/video/7379104892440415493,5 stars,0.28756144642829895
ME ENCANTAAAAAAA!!!!!😍😍,https://www.tiktok.com/@mia.ramirezmonteolivo/video/7379104892440415493,5 stars,0.7713254690170288
😍😍,https://www.tiktok.com/@mia.ramirezmonteolivo/video/7379104892440415493,5 stars,0.30857783555984497
Lo necesito urgente,https://www.tiktok.com/@lissethcastillo_/video/7386178446277299462,4 stars,0.37555572390556335
Me sale el vídeo justo cuando estoy buscando algo así 😳 Gracias 🫶🏻,https://www.tiktok.com/@lissethcastillo_/video/7386178446277299462,1 star,0.28327950835227966
Deberé probarlo sabes a cuanto esta?,https://www.tiktok.com/@lissethcastillo_/video/7386178446277299462,3 stars,0.2740768492221832
Me encanta lo probaré 🥰🥰,https://www.tiktok.com/@lu.cordova9/video/7378668283542637829,5 stars,0.6723139882087708
Amooo,https://www.tiktok.com/@lu.cordova9/video/7378668283542637829,3 stars,0.2388291358947754
Yo lo amé 🥰✨,https://www.tiktok.com/@lu.cordova9/video/7378668283542637829,1 star,0.2997368276119232
Voy por el ¡Ahora mismo! 🔝,https://www.tiktok.com/@lu.cordova9/video/7378668283542637829,5 stars,0.4373226761817932
"Si lo recomiendas, lo compro 👌❤️",https://www.tiktok.com/@lu.cordova9/video/7378668283542637829,5 stars,0.28491008281707764
🤩🤩,https://www.tiktok.com/@lu.cordova9/video/7378668283542637829,5 stars,0.30857783555984497
Dataso! Gracias linda 💗,https://www.tiktok.com/@lu.cordova9/video/7378668283542637829,5 stars,0.4880247712135315
Para mi cuero cabelludo 😳,https://www.tiktok.com/@lu.cordova9/video/7377821452155751686,5 stars,0.3490830957889557
lo voy a recomendar 🙏✨,https://www.tiktok.com/@lu.cordova9/video/7377821452155751686,5 stars,0.4962063133716583
Lo probaré😱,https://www.tiktok.com/@lu.cordova9/video/7377821452155751686,5 stars,0.3117976486682892
😍😍😍,https://www.tiktok.com/@lu.cordova9/video/7377821452155751686,5 stars,0.30857783555984497
100% recomendado,https://www.tiktok.com/@lu.cordova9/video/7377821452155751686,5 stars,0.9238603711128235
Lo probé y ameee el resultado y lo refrescante que se siente mi cuero cabelludo 🤗✨,https://www.tiktok.com/@lu.cordova9/video/7377821452155751686,5 stars,0.3078504502773285
Me encantó 👍🏻,https://www.tiktok.com/@lu.cordova9/video/7377821452155751686,5 stars,0.8346964120864868
Excelente 👏🏼,https://www.tiktok.com/@lu.cordova9/video/7377821452155751686,5 stars,0.7977634072303772
Recomendado 🥰❤️,https://www.tiktok.com/@jeniferfiestas/video/7379686624747146502,5 stars,0.5841706395149231
Esa cara del inicio XDD jajaj,https://www.tiktok.com/@luchialuchia/video/7379772859062684933,5 stars,0.3274075984954834
"por fin te bañas, gracias H&S",https://www.tiktok.com/@luchialuchia/video/7379772859062684933,1 star,0.2534051835536957
Hay baño hay like,https://www.tiktok.com/@luchialuchia/video/7379772859062684933,1 star,0.34134528040885925
Extraño esa vida🥰,https://www.tiktok.com/@luchialuchia/video/7379772859062684933,5 stars,0.37198811769485474
tremenda publicidad que nos comimos,https://www.tiktok.com/@luchialuchia/video/7379772859062684933,5 stars,0.7627720236778259
pero q cambio jajaja,https://www.tiktok.com/@luchialuchia/video/7379772859062684933,3 stars,0.37017542123794556
Luchia en facturasssss,https://www.tiktok.com/@luchialuchia/video/7379076282446810374,5 stars,0.2904072403907776
bien ahí luchi ya no lloras ahora facturas jajaja,https://www.tiktok.com/@luchialuchia/video/7379076282446810374,3 stars,0.3629458546638489
Por qué a mi esa marca me saca caspa ? Y el olor no me agrada 😅😅😅,https://www.tiktok.com/@luchialuchia/video/7379076282446810374,2 stars,0.45766156911849976
@For_Me 🥰,https://www.tiktok.com/@luchialuchia/video/7379076282446810374,5 stars,0.37992626428604126
adidas,https://www.tiktok.com/@mama.alfa.blog/video/7378498781148499205,5 stars,0.41077399253845215
hola señora Elizabeth espero estén bien .... saludame a Mathias Andre hace tiempo que no se nada de el .....,https://www.tiktok.com/@mama.alfa.blog/video/7378498781148499205,3 stars,0.35761165618896484
Jajaja así también me bañaba yo,https://www.tiktok.com/@nikitabersani/video/7383516909641190662,1 star,0.504843533039093
"me encantó el resultado,se fue el frizz, magnífico lo compraré 👍",https://www.tiktok.com/@nikitabersani/video/7383516909641190662,5 stars,0.8822270035743713
😁😁😁,https://www.tiktok.com/@valeria_zavala._/video/7386513410923498758,5 stars,0.30857783555984497
🤩🤩🤩,https://www.tiktok.com/@valeria_zavala._/video/7386513410923498758,5 stars,0.30857783555984497
❤️❤️,https://www.tiktok.com/@valeria_zavala._/video/7386513410923498758,5 stars,0.30857783555984497
me encata 💯,https://www.tiktok.com/@valeria_zavala._/video/7386513410923498758,1 star,0.29816123843193054
💯❤️,https://www.tiktok.com/@valeria_zavala._/video/7386513410923498758,5 stars,0.30857783555984497
Es buenazo 🥰,https://www.tiktok.com/@valeria_zavala._/video/7386513410923498758,4 stars,0.41267967224121094
🥰🥰🥰,https://www.tiktok.com/@valeria_zavala._/video/7386513410923498758,5 stars,0.30857783555984497
Me encantó el resultado ✨,https://www.tiktok.com/@valeria_zavala._/video/7386513410923498758,5 stars,0.7447112798690796
🔥🔥🔥,https://www.tiktok.com/@valeria_zavala._/video/7385728022202076421,5 stars,0.30857783555984497
me encanta ❤️,https://www.tiktok.com/@valeria_zavala._/video/7385728022202076421,5 stars,0.8068308234214783
Amooo 🥰,https://www.tiktok.com/@valeria_zavala._/video/7385728022202076421,5 stars,0.28756144642829895
recomendado ❤️,https://www.tiktok.com/@valeria_zavala._/video/7385728022202076421,5 stars,0.5841706395149231
Me esta gustando mucho es muy bueno,https://www.tiktok.com/@valeria_zavala._/video/7385728022202076421,5 stars,0.6039374470710754
definitivamente el mejor,https://www.tiktok.com/@valeria_zavala._/video/7385728022202076421,5 stars,0.8882358074188232
Te quedó lindo el cabello🥰,https://www.tiktok.com/@valeria_zavala._/video/7385728022202076421,3 stars,0.23355919122695923
💙✨ top topppppp amo HYS',https://www.tiktok.com/@valeria_zavala._/video/7385728022202076421,5 stars,0.8456966280937195
💙 Hoy empecé a probarlo así que estoy ansiosa por los resultados,https://www.tiktok.com/@valeria_zavala._/video/7379103129599610118,5 stars,0.43013161420822144
Estoy probando el producto y lo amooo ✨,https://www.tiktok.com/@valeria_zavala._/video/7379103129599610118,5 stars,0.338680624961853
Lo ando probando y me va súper bien… Ya tengo cabello fresco 💯,https://www.tiktok.com/@valeria_zavala._/video/7379103129599610118,5 stars,0.6526196002960205
me encanta 🥰,https://www.tiktok.com/@valeria_zavala._/video/7379103129599610118,5 stars,0.8068308234214783
"Bella, lo he probado y me ha encantado 🥰",https://www.tiktok.com/@valeria_zavala._/video/7379103129599610118,5 stars,0.8175824284553528
Lo probé y me encantó,https://www.tiktok.com/@valeria_zavala._/video/7379103129599610118,5 stars,0.7443767786026001
"Me encanta, lo probaré🤩",https://www.tiktok.com/@valeria_zavala._/video/7379103129599610118,5 stars,0.7659672498703003
Esta versión es dms buena! Mi cuero cabelludo se lo agradece 🥰,https://www.tiktok.com/@valeria_zavala._/video/7379103129599610118,5 stars,0.5779533386230469
Omg me encanta!😍,https://www.tiktok.com/@valeria_zavala._/video/7379103129599610118,5 stars,0.8383260369300842
un shampu recomendado,https://www.tiktok.com/@valeria_zavala._/video/7379103129599610118,5 stars,0.6221405267715454
También lo estoy probando 🫶🏼,https://www.tiktok.com/@valeria_zavala._/video/7379103129599610118,5 stars,0.43222445249557495
me encantaaaa✨😍,https://www.tiktok.com/@valeria_zavala._/video/7379103129599610118,3 stars,0.24249929189682007
Amo sentirme extra refrescante 🔝🧖🏻‍♀️🫧,https://www.tiktok.com/@valeria_zavala._/video/7379103129599610118,5 stars,0.6311306953430176
Me encantaaaa🥰,https://www.tiktok.com/@valeria_zavala._/video/7379103129599610118,3 stars,0.24249929189682007
amoo,https://www.tiktok.com/@valeria_zavala._/video/7379103129599610118,3 stars,0.25741857290267944
vamos a probar ❤️,https://www.tiktok.com/@valeria_zavala._/video/7379103129599610118,5 stars,0.42285433411598206
Excelente producto 🫶🏻,https://www.tiktok.com/@valeria_zavala._/video/7379103129599610118,5 stars,0.8029374480247498
❤️❤️❤️❤️,https://www.tiktok.com/@carolinapazprado/video/7392661679651294470,5 stars,0.30857783555984497
